name,trainer,Analytic_W1,Independent_W1,Determined_W1,Professional_W1,Studious_W1,Imaginative_W1,Analytic_W2,Independent_W2,Determined_W2,Professional_W2,Studious_W2,Imaginative_W2,Analytic_W3,Independent_W3,Determined_W3,Professional_W3,Studious_W3,Imaginative_W3,Analytic_W4,Independent_W4,Determined_W4,Professional_W4,Studious_W4,Imaginative_W4,Analytic_W5,Independent_W5,Determined_W5,Professional_W5,Studious_W5,Imaginative_W5,Analytic_W6,Independent_W6,Determined_W6,Professional_W6,Studious_W6,Imaginative_W6,Analytic_W7,Independent_W7,Determined_W7,Professional_W7,Studious_W7,Imaginative_W7,Analytic_W8,Independent_W8,Determined_W8,Professional_W8,Studious_W8,Imaginative_W8,Date,Analytic_W9,Independent_W9,Determined_W9,Professional_W9,Studious_W9,Imaginative_W9,Analytic_W10,Independent_W10,Determined_W10,Professional_W10,Studious_W10,Imaginative_W10
Quintus Penella,Gregor Gomez,1,2,2,1,2,2,,,,,,,,,,,,,,,,,,,,,,,,,,,,,,,,,,,,,,,,,,,20_2019-02-11,,,,,,,,,,,,
Simon Murrey,Gregor Gomez,6,1,1,2,4,2,3.0,1.0,3.0,2.0,1.0,1.0,,,,,,,,,,,,,,,,,,,,,,,,,,,,,,,,,,,,,20_2019-02-11,,,,,,,,,,,,
Gustaf Lude,Gregor Gomez,6,4,1,1,2,3,1.0,1.0,1.0,2.0,1.0,6.0,6.0,2.0,2.0,3.0,3.0,2.0,5.0,1.0,3.0,7.0,6.0,2.0,6.0,8.0,4.0,8.0,1.0,8.0,7.0,3.0,5.0,8.0,8.0,7.0,8.0,5.0,8.0,8.0,8.0,6.0,8.0,7.0,8.0,8.0,7.0,8.0,20_2019-02-11,,,,,,,,,,,,
Yolanda Fosse,Gregor Gomez,2,1,2,3,3,3,4.0,2.0,1.0,3.0,3.0,7.0,3.0,5.0,3.0,1.0,3.0,3.0,2.0,8.0,1.0,8.0,5.0,5.0,2.0,1.0,8.0,5.0,6.0,5.0,7.0,6.0,5.0,7.0,8.0,2.0,8.0,6.0,8.0,7.0,8.0,8.0,8.0,8.0,7.0,8.0,7.0,5.0,20_2019-02-11,,,,,,,,,,,,
Lynnett Swin,Gregor Gomez,2,2,4,5,1,2,3.0,2.0,5.0,3.0,1.0,1.0,3.0,2.0,3.0,4.0,4.0,2.0,8.0,6.0,8.0,2.0,4.0,8.0,6.0,2.0,8.0,8.0,8.0,5.0,7.0,5.0,5.0,5.0,5.0,8.0,8.0,7.0,7.0,8.0,8.0,8.0,8.0,7.0,8.0,8.0,8.0,8.0,20_2019-02-11,,,,,,,,,,,,
Bart Godilington,Gregor Gomez,3,6,1,5,4,1,2.0,1.0,2.0,5.0,3.0,2.0,1.0,3.0,2.0,1.0,1.0,4.0,3.0,3.0,7.0,3.0,6.0,5.0,6.0,3.0,4.0,7.0,6.0,6.0,6.0,8.0,8.0,6.0,8.0,7.0,7.0,8.0,6.0,8.0,8.0,7.0,7.0,7.0,8.0,6.0,7.0,8.0,20_2019-02-11,,,,,,,,,,,,
Deni Roust,Gregor Gomez,6,3,1,4,4,2,7.0,2.0,3.0,1.0,1.0,1.0,1.0,2.0,2.0,1.0,4.0,5.0,4.0,6.0,6.0,6.0,8.0,6.0,4.0,2.0,7.0,6.0,4.0,2.0,4.0,3.0,8.0,7.0,4.0,5.0,7.0,8.0,8.0,8.0,7.0,7.0,7.0,8.0,8.0,8.0,8.0,8.0,20_2019-02-11,,,,,,,,,,,,
Gerhard Mcgrath,Gregor Gomez,2,3,3,4,1,1,3.0,6.0,2.0,1.0,4.0,3.0,3.0,4.0,1.0,5.0,3.0,3.0,3.0,8.0,1.0,4.0,6.0,7.0,5.0,6.0,7.0,6.0,7.0,8.0,2.0,8.0,8.0,4.0,5.0,3.0,8.0,8.0,8.0,4.0,8.0,8.0,8.0,8.0,7.0,8.0,7.0,8.0,20_2019-02-11,,,,,,,,,,,,
Benedick Arnhold,Bruce Lugo,5,4,1,2,3,3,7.0,6.0,3.0,3.0,4.0,3.0,4.0,6.0,3.0,1.0,3.0,2.0,3.0,7.0,4.0,7.0,5.0,7.0,8.0,8.0,7.0,3.0,3.0,3.0,7.0,8.0,5.0,4.0,5.0,1.0,8.0,8.0,8.0,8.0,3.0,8.0,7.0,8.0,8.0,8.0,8.0,8.0,21_2019-03-18,,,,,,,,,,,,
Herminia Brettel,Bruce Lugo,5,3,2,3,3,1,4.0,2.0,1.0,1.0,5.0,3.0,4.0,6.0,2.0,4.0,5.0,2.0,5.0,4.0,2.0,3.0,7.0,8.0,8.0,8.0,7.0,8.0,4.0,8.0,5.0,8.0,6.0,4.0,6.0,8.0,7.0,8.0,8.0,8.0,6.0,8.0,4.0,7.0,8.0,8.0,8.0,8.0,21_2019-03-18,,,,,,,,,,,,
Nicolai Nussey,Bruce Lugo,4,1,5,2,2,3,2.0,4.0,2.0,6.0,5.0,3.0,3.0,1.0,1.0,2.0,2.0,3.0,8.0,8.0,7.0,8.0,3.0,5.0,5.0,4.0,8.0,8.0,8.0,7.0,8.0,8.0,8.0,4.0,4.0,4.0,8.0,7.0,8.0,8.0,8.0,8.0,8.0,6.0,8.0,5.0,5.0,5.0,21_2019-03-18,,,,,,,,,,,,
Elora Ellen,Bruce Lugo,3,2,3,4,3,3,2.0,4.0,2.0,4.0,1.0,1.0,2.0,3.0,4.0,3.0,3.0,3.0,3.0,5.0,4.0,6.0,5.0,4.0,6.0,6.0,4.0,8.0,7.0,7.0,7.0,6.0,8.0,4.0,7.0,3.0,8.0,5.0,7.0,8.0,8.0,8.0,8.0,8.0,4.0,7.0,8.0,7.0,21_2019-03-18,,,,,,,,,,,,
Llywellyn Hoggins,Bruce Lugo,1,3,2,2,3,3,4.0,2.0,2.0,4.0,3.0,2.0,4.0,2.0,1.0,1.0,2.0,1.0,,,,,,,,,,,,,,,,,,,,,,,,,,,,,,,21_2019-03-18,,,,,,,,,,,,
Bobbye Hains,Bruce Lugo,3,4,4,1,1,5,3.0,2.0,1.0,3.0,3.0,3.0,4.0,2.0,2.0,2.0,2.0,4.0,5.0,8.0,6.0,8.0,5.0,4.0,4.0,5.0,7.0,8.0,3.0,6.0,8.0,5.0,5.0,8.0,7.0,8.0,7.0,6.0,8.0,8.0,7.0,7.0,8.0,8.0,7.0,4.0,6.0,8.0,21_2019-03-18,,,,,,,,,,,,
Audrye Tobias,Bruce Lugo,5,4,3,5,5,4,4.0,4.0,3.0,1.0,3.0,2.0,2.0,1.0,1.0,3.0,3.0,3.0,6.0,6.0,4.0,6.0,8.0,7.0,8.0,6.0,5.0,3.0,8.0,7.0,8.0,6.0,5.0,5.0,3.0,5.0,8.0,6.0,8.0,4.0,8.0,8.0,8.0,8.0,8.0,8.0,8.0,7.0,21_2019-03-18,,,,,,,,,,,,
Georg Battman,Bruce Lugo,1,1,1,6,5,5,7.0,2.0,1.0,3.0,2.0,1.0,1.0,2.0,3.0,3.0,3.0,5.0,8.0,6.0,4.0,4.0,5.0,7.0,8.0,4.0,3.0,4.0,6.0,4.0,8.0,8.0,3.0,3.0,4.0,6.0,4.0,6.0,8.0,8.0,8.0,8.0,8.0,7.0,8.0,8.0,8.0,6.0,21_2019-03-18,,,,,,,,,,,,
Adolph Andreia,Bruce Lugo,3,3,7,1,6,4,3.0,4.0,4.0,1.0,3.0,2.0,3.0,2.0,2.0,1.0,2.0,2.0,2.0,4.0,3.0,6.0,8.0,8.0,4.0,6.0,4.0,5.0,3.0,7.0,8.0,3.0,7.0,7.0,3.0,8.0,8.0,8.0,2.0,6.0,8.0,5.0,8.0,8.0,8.0,8.0,8.0,8.0,21_2019-03-18,,,,,,,,,,,,
Ilaire Ord,Bruce Lugo,7,2,6,5,5,1,2.0,6.0,2.0,1.0,1.0,5.0,1.0,5.0,5.0,2.0,5.0,5.0,1.0,7.0,8.0,8.0,5.0,5.0,8.0,5.0,5.0,6.0,4.0,4.0,8.0,2.0,8.0,4.0,6.0,6.0,8.0,8.0,8.0,5.0,8.0,8.0,8.0,8.0,8.0,8.0,7.0,5.0,21_2019-03-18,,,,,,,,,,,,
Thorpe Pettett,Bruce Lugo,6,1,4,4,2,1,7.0,1.0,6.0,3.0,4.0,3.0,2.0,3.0,3.0,1.0,3.0,3.0,7.0,6.0,8.0,8.0,7.0,8.0,8.0,6.0,6.0,8.0,5.0,3.0,6.0,7.0,2.0,4.0,2.0,7.0,8.0,8.0,8.0,7.0,8.0,8.0,8.0,8.0,8.0,8.0,5.0,8.0,21_2019-03-18,,,,,,,,,,,,
Tiphany Gribben,Bruce Lugo,2,1,3,1,2,5,3.0,1.0,1.0,2.0,2.0,2.0,,,,,,,,,,,,,,,,,,,,,,,,,,,,,,,,,,,,,21_2019-03-18,,,,,,,,,,,,
Pam Hupka,Bruce Lugo,1,5,2,1,5,1,2.0,3.0,2.0,6.0,1.0,1.0,2.0,1.0,5.0,7.0,4.0,1.0,8.0,7.0,7.0,8.0,8.0,7.0,5.0,5.0,6.0,7.0,8.0,5.0,7.0,3.0,5.0,3.0,7.0,8.0,4.0,7.0,4.0,8.0,8.0,7.0,6.0,6.0,8.0,8.0,7.0,8.0,21_2019-03-18,,,,,,,,,,,,
Verne Francescuzzi,Gregor Gomez,2,4,1,2,3,4,2.0,2.0,2.0,3.0,8.0,6.0,4.0,3.0,2.0,6.0,3.0,4.0,4.0,5.0,6.0,6.0,6.0,6.0,6.0,8.0,6.0,6.0,5.0,5.0,5.0,8.0,8.0,4.0,8.0,6.0,8.0,7.0,8.0,8.0,8.0,8.0,8.0,8.0,8.0,6.0,7.0,6.0,22_2019-04-15,,,,,,,,,,,,
Audi Westmacott,Gregor Gomez,2,4,1,3,3,3,5.0,5.0,2.0,3.0,1.0,4.0,3.0,1.0,7.0,1.0,1.0,3.0,5.0,3.0,8.0,6.0,8.0,8.0,5.0,7.0,3.0,5.0,5.0,1.0,7.0,3.0,6.0,1.0,6.0,2.0,6.0,7.0,8.0,8.0,8.0,8.0,8.0,8.0,8.0,6.0,6.0,8.0,22_2019-04-15,,,,,,,,,,,,
Gae Crutch,Gregor Gomez,6,3,2,3,3,2,2.0,4.0,3.0,3.0,3.0,3.0,1.0,1.0,5.0,3.0,3.0,3.0,5.0,7.0,4.0,4.0,8.0,4.0,3.0,6.0,5.0,6.0,7.0,6.0,8.0,3.0,8.0,8.0,3.0,6.0,6.0,7.0,8.0,8.0,6.0,8.0,8.0,8.0,8.0,8.0,6.0,8.0,22_2019-04-15,,,,,,,,,,,,
Fowler Crewdson,Gregor Gomez,1,1,3,7,5,5,1.0,6.0,2.0,5.0,1.0,5.0,3.0,1.0,5.0,4.0,4.0,2.0,7.0,6.0,6.0,4.0,6.0,4.0,2.0,7.0,8.0,7.0,3.0,8.0,4.0,8.0,8.0,3.0,5.0,8.0,8.0,6.0,8.0,8.0,8.0,4.0,8.0,8.0,8.0,8.0,8.0,8.0,22_2019-04-15,,,,,,,,,,,,
Joletta Matzaitis,Gregor Gomez,4,4,3,4,5,6,2.0,6.0,4.0,2.0,5.0,1.0,4.0,3.0,4.0,4.0,2.0,2.0,8.0,8.0,7.0,5.0,8.0,5.0,7.0,2.0,6.0,8.0,5.0,2.0,8.0,4.0,7.0,7.0,3.0,8.0,8.0,8.0,5.0,8.0,8.0,7.0,8.0,8.0,6.0,8.0,7.0,7.0,22_2019-04-15,,,,,,,,,,,,
Ofelia Helm,Gregor Gomez,1,7,3,1,4,3,5.0,1.0,6.0,1.0,1.0,3.0,3.0,4.0,4.0,1.0,2.0,4.0,4.0,6.0,3.0,8.0,4.0,8.0,5.0,5.0,5.0,4.0,5.0,4.0,4.0,7.0,8.0,5.0,8.0,6.0,8.0,8.0,8.0,8.0,8.0,8.0,7.0,8.0,8.0,5.0,7.0,6.0,22_2019-04-15,,,,,,,,,,,,
Quinton Kuhnt,Gregor Gomez,2,3,5,4,3,5,4.0,2.0,3.0,3.0,6.0,2.0,1.0,3.0,3.0,1.0,3.0,1.0,4.0,6.0,4.0,8.0,6.0,7.0,6.0,6.0,8.0,4.0,5.0,3.0,3.0,7.0,4.0,8.0,5.0,5.0,8.0,8.0,8.0,8.0,8.0,8.0,8.0,8.0,8.0,8.0,8.0,8.0,22_2019-04-15,,,,,,,,,,,,
Frankie Mabee,Gregor Gomez,1,3,3,7,2,2,1.0,2.0,3.0,6.0,4.0,1.0,2.0,7.0,2.0,2.0,2.0,3.0,8.0,5.0,4.0,6.0,7.0,7.0,3.0,1.0,8.0,6.0,3.0,5.0,7.0,2.0,8.0,4.0,5.0,4.0,8.0,8.0,7.0,8.0,7.0,7.0,8.0,8.0,8.0,3.0,8.0,8.0,22_2019-04-15,,,,,,,,,,,,
Cami Burberow,Gregor Gomez,1,5,4,6,3,5,5.0,1.0,3.0,3.0,6.0,8.0,5.0,3.0,6.0,3.0,1.0,4.0,7.0,5.0,8.0,8.0,8.0,5.0,8.0,6.0,4.0,8.0,8.0,5.0,8.0,7.0,6.0,8.0,7.0,4.0,8.0,8.0,6.0,8.0,5.0,8.0,4.0,6.0,5.0,4.0,8.0,8.0,22_2019-04-15,,,,,,,,,,,,
Gayla Bownas,Gregor Gomez,3,3,4,4,3,3,1.0,2.0,4.0,2.0,5.0,5.0,1.0,2.0,7.0,2.0,3.0,2.0,4.0,7.0,5.0,6.0,7.0,8.0,8.0,7.0,7.0,6.0,6.0,2.0,3.0,7.0,5.0,8.0,4.0,8.0,6.0,8.0,4.0,5.0,4.0,8.0,8.0,8.0,8.0,5.0,8.0,8.0,22_2019-04-15,,,,,,,,,,,,
Latisha Ibel,Gregor Gomez,2,3,5,4,6,3,4.0,7.0,4.0,4.0,3.0,6.0,1.0,3.0,4.0,3.0,2.0,5.0,3.0,1.0,6.0,5.0,5.0,3.0,4.0,3.0,5.0,8.0,8.0,5.0,5.0,7.0,6.0,3.0,8.0,5.0,6.0,5.0,8.0,8.0,7.0,7.0,8.0,8.0,8.0,5.0,8.0,8.0,22_2019-04-15,,,,,,,,,,,,
Darb Noor,Neil Mccarthy,3,6,2,4,3,2,1.0,1.0,2.0,5.0,4.0,5.0,3.0,5.0,5.0,2.0,4.0,1.0,5.0,2.0,7.0,3.0,4.0,8.0,5.0,4.0,6.0,4.0,8.0,5.0,2.0,3.0,8.0,7.0,8.0,4.0,8.0,8.0,8.0,8.0,6.0,8.0,8.0,6.0,8.0,8.0,8.0,7.0,23_2019-05-20,,,,,,,,,,,,
Adah Spencers,Neil Mccarthy,5,3,2,5,4,3,4.0,5.0,1.0,1.0,4.0,1.0,6.0,3.0,1.0,7.0,2.0,2.0,4.0,6.0,8.0,7.0,3.0,5.0,2.0,5.0,8.0,3.0,3.0,5.0,5.0,6.0,5.0,8.0,7.0,7.0,7.0,7.0,7.0,8.0,8.0,8.0,8.0,8.0,6.0,8.0,7.0,8.0,23_2019-05-20,,,,,,,,,,,,
Kariotta Barense,Neil Mccarthy,4,4,5,2,3,1,2.0,2.0,3.0,3.0,6.0,3.0,4.0,4.0,5.0,5.0,1.0,4.0,8.0,4.0,7.0,4.0,8.0,6.0,8.0,7.0,2.0,7.0,4.0,3.0,5.0,6.0,8.0,7.0,5.0,7.0,8.0,5.0,8.0,7.0,8.0,8.0,8.0,7.0,8.0,3.0,5.0,8.0,23_2019-05-20,,,,,,,,,,,,
Biddy Rapps,Neil Mccarthy,4,4,2,5,5,5,4.0,3.0,6.0,6.0,2.0,4.0,4.0,4.0,2.0,5.0,3.0,3.0,5.0,8.0,6.0,5.0,6.0,4.0,7.0,3.0,3.0,3.0,4.0,7.0,3.0,7.0,8.0,5.0,5.0,6.0,7.0,6.0,8.0,8.0,8.0,7.0,5.0,5.0,8.0,5.0,8.0,8.0,23_2019-05-20,,,,,,,,,,,,
Thatcher Frankish,Neil Mccarthy,3,3,1,3,1,6,3.0,1.0,4.0,2.0,2.0,1.0,4.0,4.0,3.0,6.0,4.0,3.0,3.0,7.0,3.0,4.0,5.0,4.0,8.0,4.0,7.0,6.0,4.0,4.0,6.0,3.0,8.0,6.0,3.0,3.0,7.0,5.0,7.0,8.0,8.0,8.0,8.0,8.0,6.0,6.0,7.0,8.0,23_2019-05-20,,,,,,,,,,,,
Idelle Kidstoun,Neil Mccarthy,4,2,3,3,1,4,1.0,6.0,3.0,2.0,3.0,3.0,3.0,3.0,1.0,3.0,3.0,1.0,3.0,4.0,8.0,2.0,2.0,8.0,5.0,6.0,3.0,7.0,8.0,4.0,7.0,4.0,5.0,3.0,8.0,3.0,8.0,1.0,8.0,8.0,6.0,5.0,8.0,7.0,5.0,5.0,6.0,7.0,23_2019-05-20,,,,,,,,,,,,
Bailey Antrim,Neil Mccarthy,2,4,4,4,5,6,4.0,2.0,4.0,2.0,4.0,2.0,4.0,6.0,2.0,4.0,6.0,3.0,5.0,4.0,3.0,2.0,8.0,4.0,4.0,8.0,1.0,8.0,2.0,3.0,4.0,2.0,4.0,2.0,3.0,2.0,8.0,7.0,7.0,8.0,7.0,5.0,5.0,6.0,6.0,3.0,8.0,6.0,23_2019-05-20,,,,,,,,,,,,
William Dryden,Neil Mccarthy,2,4,2,2,4,4,1.0,2.0,3.0,2.0,3.0,2.0,6.0,3.0,2.0,7.0,6.0,2.0,6.0,8.0,5.0,3.0,3.0,8.0,8.0,8.0,7.0,5.0,6.0,5.0,4.0,4.0,8.0,7.0,3.0,6.0,6.0,7.0,8.0,8.0,6.0,8.0,8.0,5.0,8.0,7.0,8.0,7.0,23_2019-05-20,,,,,,,,,,,,
Dean Burnup,Neil Mccarthy,1,4,2,3,2,2,2.0,3.0,1.0,1.0,1.0,3.0,,,,,,,,,,,,,,,,,,,,,,,,,,,,,,,,,,,,,23_2019-05-20,,,,,,,,,,,,
Burtie Garfitt,Neil Mccarthy,1,1,5,5,5,3,3.0,3.0,1.0,4.0,2.0,5.0,6.0,1.0,2.0,5.0,1.0,1.0,6.0,6.0,7.0,4.0,5.0,3.0,7.0,6.0,5.0,4.0,6.0,5.0,5.0,6.0,6.0,7.0,6.0,8.0,8.0,4.0,7.0,8.0,8.0,8.0,7.0,8.0,7.0,8.0,5.0,8.0,23_2019-05-20,,,,,,,,,,,,
Maggy Clapison,Neil Mccarthy,2,4,1,2,2,4,2.0,4.0,1.0,2.0,2.0,4.0,7.0,5.0,3.0,5.0,1.0,4.0,6.0,7.0,7.0,6.0,8.0,3.0,7.0,4.0,8.0,8.0,8.0,8.0,4.0,4.0,4.0,6.0,7.0,8.0,8.0,8.0,5.0,8.0,8.0,6.0,4.0,8.0,8.0,4.0,4.0,8.0,23_2019-05-20,,,,,,,,,,,,
Julia Llorens,Neil Mccarthy,5,7,3,2,2,3,2.0,1.0,1.0,5.0,2.0,2.0,1.0,2.0,4.0,1.0,4.0,2.0,8.0,8.0,8.0,4.0,8.0,4.0,6.0,7.0,7.0,7.0,6.0,5.0,6.0,3.0,8.0,7.0,7.0,4.0,8.0,5.0,3.0,8.0,8.0,8.0,8.0,8.0,8.0,6.0,8.0,8.0,23_2019-05-20,,,,,,,,,,,,
Sanford Larking,Rachel Richard,3,2,3,4,2,1,2.0,2.0,4.0,3.0,1.0,1.0,4.0,5.0,3.0,1.0,3.0,3.0,3.0,6.0,8.0,5.0,8.0,5.0,8.0,4.0,4.0,5.0,8.0,8.0,6.0,8.0,5.0,3.0,7.0,8.0,8.0,8.0,8.0,8.0,8.0,4.0,8.0,8.0,8.0,8.0,8.0,8.0,24_2019-07-15,,,,,,,,,,,,
Ulrika Lemerie,Rachel Richard,6,1,3,1,2,2,2.0,3.0,4.0,2.0,2.0,3.0,3.0,5.0,2.0,3.0,3.0,1.0,1.0,5.0,7.0,8.0,4.0,8.0,2.0,3.0,8.0,8.0,1.0,8.0,7.0,2.0,6.0,4.0,6.0,3.0,8.0,7.0,4.0,8.0,8.0,8.0,8.0,8.0,8.0,6.0,6.0,4.0,24_2019-07-15,,,,,,,,,,,,
Alidia Govett,Rachel Richard,3,5,7,3,3,3,3.0,4.0,6.0,1.0,2.0,2.0,2.0,2.0,3.0,3.0,1.0,3.0,6.0,7.0,3.0,5.0,6.0,7.0,3.0,7.0,7.0,5.0,6.0,8.0,5.0,4.0,5.0,7.0,6.0,5.0,4.0,8.0,4.0,8.0,8.0,8.0,8.0,8.0,4.0,8.0,8.0,8.0,24_2019-07-15,,,,,,,,,,,,
Angel Matteau,Rachel Richard,4,3,1,2,4,4,4.0,7.0,2.0,7.0,2.0,2.0,4.0,2.0,4.0,3.0,3.0,3.0,5.0,8.0,6.0,7.0,8.0,4.0,7.0,8.0,5.0,5.0,4.0,5.0,7.0,7.0,3.0,7.0,8.0,7.0,8.0,8.0,3.0,7.0,8.0,5.0,5.0,8.0,8.0,8.0,6.0,8.0,24_2019-07-15,,,,,,,,,,,,
Wolfie Showers,Rachel Richard,1,7,1,4,2,4,3.0,5.0,8.0,2.0,4.0,2.0,1.0,2.0,4.0,2.0,8.0,2.0,2.0,7.0,5.0,6.0,5.0,3.0,5.0,6.0,6.0,3.0,8.0,2.0,6.0,7.0,8.0,6.0,6.0,5.0,8.0,8.0,8.0,8.0,8.0,8.0,8.0,8.0,3.0,6.0,6.0,8.0,24_2019-07-15,,,,,,,,,,,,
Nicolea Gibbins,Rachel Richard,1,2,3,2,4,3,4.0,5.0,5.0,2.0,5.0,1.0,4.0,1.0,2.0,1.0,3.0,2.0,5.0,7.0,4.0,5.0,3.0,6.0,4.0,4.0,8.0,4.0,5.0,7.0,4.0,5.0,8.0,6.0,8.0,5.0,8.0,6.0,6.0,8.0,8.0,8.0,8.0,8.0,8.0,8.0,8.0,8.0,24_2019-07-15,,,,,,,,,,,,
Florina Sudlow,Rachel Richard,7,4,3,3,1,4,4.0,2.0,4.0,2.0,2.0,3.0,6.0,2.0,3.0,4.0,3.0,3.0,5.0,8.0,2.0,7.0,5.0,5.0,8.0,5.0,8.0,6.0,6.0,6.0,5.0,8.0,7.0,8.0,6.0,8.0,7.0,8.0,8.0,8.0,5.0,8.0,7.0,8.0,8.0,8.0,7.0,7.0,24_2019-07-15,,,,,,,,,,,,
Dianna Brewett,Rachel Richard,8,1,2,5,2,2,4.0,6.0,3.0,2.0,2.0,1.0,1.0,2.0,4.0,8.0,4.0,1.0,5.0,8.0,7.0,6.0,3.0,5.0,4.0,5.0,4.0,4.0,6.0,8.0,7.0,8.0,3.0,3.0,8.0,6.0,6.0,6.0,8.0,8.0,8.0,6.0,8.0,8.0,7.0,7.0,8.0,5.0,24_2019-07-15,,,,,,,,,,,,
Megan Hallihan,Rachel Richard,1,1,1,2,5,1,,,,,,,,,,,,,,,,,,,,,,,,,,,,,,,,,,,,,,,,,,,24_2019-07-15,,,,,,,,,,,,
Sherlocke Baselio,Rachel Richard,2,5,3,4,5,2,3.0,7.0,6.0,2.0,1.0,2.0,1.0,3.0,6.0,3.0,1.0,4.0,8.0,5.0,4.0,3.0,2.0,8.0,8.0,6.0,4.0,4.0,5.0,6.0,8.0,5.0,7.0,5.0,6.0,7.0,7.0,8.0,8.0,7.0,8.0,8.0,7.0,8.0,8.0,8.0,8.0,8.0,24_2019-07-15,,,,,,,,,,,,
Keen Tripony,Rachel Richard,5,1,3,1,3,6,3.0,2.0,2.0,1.0,4.0,5.0,4.0,4.0,2.0,2.0,5.0,1.0,4.0,4.0,5.0,5.0,7.0,4.0,5.0,6.0,8.0,7.0,7.0,7.0,8.0,7.0,8.0,6.0,8.0,4.0,8.0,8.0,8.0,8.0,8.0,8.0,8.0,3.0,8.0,8.0,8.0,8.0,24_2019-07-15,,,,,,,,,,,,
Collete Causbey,Rachel Richard,1,7,3,2,3,3,4.0,1.0,6.0,5.0,2.0,3.0,2.0,4.0,3.0,3.0,2.0,1.0,3.0,6.0,8.0,3.0,8.0,8.0,4.0,2.0,6.0,4.0,8.0,5.0,6.0,8.0,8.0,6.0,3.0,3.0,8.0,8.0,8.0,3.0,8.0,7.0,5.0,8.0,8.0,8.0,8.0,6.0,24_2019-07-15,,,,,,,,,,,,
Gabi Ivins,Gregor Gomez,4,1,6,2,1,1,3.0,2.0,2.0,2.0,5.0,2.0,4.0,1.0,6.0,2.0,3.0,5.0,6.0,7.0,6.0,4.0,3.0,2.0,8.0,5.0,3.0,4.0,3.0,7.0,1.0,8.0,8.0,8.0,4.0,8.0,8.0,8.0,8.0,8.0,8.0,8.0,8.0,7.0,8.0,8.0,8.0,8.0,25_2019-07-29,8.0,8.0,7.0,8.0,8.0,8.0,8.0,8.0,8.0,8.0,8.0,8.0
Melodee Crippen,Gregor Gomez,4,2,5,1,1,3,3.0,3.0,3.0,3.0,3.0,1.0,3.0,2.0,6.0,1.0,5.0,4.0,6.0,3.0,1.0,7.0,6.0,6.0,8.0,3.0,5.0,3.0,8.0,5.0,6.0,8.0,5.0,5.0,8.0,1.0,8.0,8.0,5.0,4.0,7.0,8.0,8.0,8.0,6.0,8.0,8.0,8.0,25_2019-07-29,8.0,8.0,8.0,8.0,8.0,8.0,8.0,8.0,8.0,7.0,8.0,8.0
Wilt Gotliffe,Gregor Gomez,1,5,4,2,1,3,1.0,3.0,1.0,2.0,1.0,3.0,,,,,,,,,,,,,,,,,,,,,,,,,,,,,,,,,,,,,25_2019-07-29,,,,,,,,,,,,
Mela Burgill,Gregor Gomez,1,7,2,2,3,5,5.0,1.0,1.0,5.0,3.0,3.0,2.0,4.0,5.0,2.0,2.0,4.0,8.0,8.0,8.0,6.0,4.0,6.0,6.0,6.0,3.0,8.0,5.0,6.0,8.0,3.0,3.0,5.0,7.0,6.0,4.0,8.0,8.0,8.0,8.0,8.0,8.0,7.0,4.0,8.0,3.0,8.0,25_2019-07-29,8.0,6.0,3.0,8.0,8.0,7.0,8.0,8.0,2.0,6.0,8.0,8.0
Uriel Eidelman,Gregor Gomez,8,2,3,6,4,4,2.0,1.0,3.0,4.0,3.0,4.0,1.0,1.0,6.0,2.0,4.0,2.0,8.0,4.0,8.0,4.0,8.0,8.0,8.0,7.0,6.0,8.0,5.0,7.0,3.0,6.0,6.0,6.0,5.0,5.0,8.0,8.0,7.0,8.0,8.0,8.0,8.0,6.0,8.0,8.0,8.0,7.0,25_2019-07-29,7.0,8.0,8.0,8.0,7.0,8.0,8.0,8.0,8.0,8.0,8.0,8.0
Vivienne Blakelock,Gregor Gomez,2,7,1,6,5,4,2.0,3.0,1.0,1.0,4.0,1.0,1.0,4.0,2.0,1.0,1.0,2.0,,,,,,,,,,,,,,,,,,,,,,,,,,,,,,,25_2019-07-29,,,,,,,,,,,,
Auberon Werny,Gregor Gomez,5,5,6,5,4,2,4.0,5.0,4.0,5.0,4.0,3.0,3.0,2.0,1.0,3.0,4.0,4.0,7.0,7.0,5.0,1.0,6.0,8.0,6.0,8.0,8.0,5.0,5.0,8.0,3.0,5.0,6.0,7.0,8.0,7.0,8.0,8.0,6.0,6.0,8.0,8.0,8.0,8.0,8.0,8.0,8.0,8.0,25_2019-07-29,8.0,7.0,8.0,8.0,8.0,6.0,8.0,8.0,8.0,8.0,8.0,8.0
Nikolaus Gullefant,Gregor Gomez,1,5,4,4,3,6,4.0,4.0,3.0,1.0,2.0,2.0,2.0,3.0,6.0,1.0,5.0,1.0,3.0,7.0,3.0,2.0,6.0,3.0,6.0,4.0,7.0,7.0,8.0,7.0,8.0,6.0,8.0,7.0,4.0,5.0,8.0,8.0,6.0,8.0,8.0,8.0,7.0,4.0,8.0,8.0,8.0,8.0,25_2019-07-29,8.0,8.0,8.0,8.0,8.0,8.0,8.0,8.0,8.0,8.0,8.0,8.0
Prentice Van Der Hoeven,Gregor Gomez,3,2,4,3,1,4,3.0,3.0,5.0,1.0,2.0,1.0,2.0,5.0,3.0,3.0,3.0,4.0,4.0,8.0,4.0,1.0,4.0,5.0,6.0,4.0,5.0,4.0,1.0,5.0,6.0,6.0,8.0,6.0,3.0,5.0,8.0,8.0,8.0,8.0,7.0,8.0,8.0,7.0,4.0,8.0,8.0,5.0,25_2019-07-29,8.0,6.0,8.0,8.0,8.0,5.0,8.0,8.0,8.0,8.0,8.0,8.0
Alikee Sawood,Gregor Gomez,2,4,4,1,3,7,1.0,3.0,4.0,3.0,1.0,3.0,2.0,1.0,2.0,2.0,5.0,3.0,8.0,6.0,7.0,8.0,4.0,5.0,7.0,8.0,7.0,8.0,4.0,4.0,3.0,2.0,7.0,6.0,5.0,8.0,6.0,7.0,8.0,8.0,7.0,8.0,8.0,4.0,8.0,4.0,8.0,8.0,25_2019-07-29,8.0,5.0,8.0,8.0,8.0,8.0,8.0,8.0,8.0,8.0,8.0,8.0
Guido Lassells,Gregor Gomez,4,3,6,2,3,1,1.0,3.0,1.0,1.0,1.0,4.0,,,,,,,,,,,,,,,,,,,,,,,,,,,,,,,,,,,,,25_2019-07-29,,,,,,,,,,,,
Verena Townes,Gregor Gomez,4,3,6,2,4,4,4.0,6.0,1.0,2.0,1.0,1.0,2.0,5.0,6.0,2.0,2.0,1.0,8.0,2.0,6.0,6.0,8.0,8.0,7.0,5.0,8.0,6.0,7.0,8.0,1.0,7.0,8.0,1.0,7.0,8.0,6.0,8.0,8.0,8.0,8.0,8.0,3.0,8.0,7.0,7.0,8.0,8.0,25_2019-07-29,8.0,8.0,8.0,8.0,8.0,8.0,8.0,8.0,8.0,8.0,8.0,8.0
Kylie Cordell,Gregor Gomez,3,2,7,5,4,4,6.0,6.0,2.0,3.0,2.0,3.0,2.0,1.0,4.0,2.0,4.0,2.0,3.0,6.0,2.0,4.0,5.0,7.0,7.0,4.0,8.0,7.0,8.0,8.0,8.0,7.0,5.0,4.0,5.0,3.0,8.0,6.0,8.0,3.0,8.0,6.0,5.0,8.0,8.0,8.0,8.0,7.0,25_2019-07-29,8.0,6.0,8.0,8.0,8.0,7.0,8.0,8.0,8.0,8.0,8.0,8.0
Cornelia Artist,Hamzah Melia,3,5,2,4,1,3,2.0,1.0,5.0,3.0,4.0,3.0,3.0,8.0,1.0,2.0,2.0,1.0,8.0,4.0,2.0,5.0,2.0,5.0,1.0,8.0,6.0,8.0,5.0,1.0,8.0,3.0,8.0,8.0,8.0,5.0,8.0,8.0,8.0,8.0,7.0,8.0,8.0,8.0,8.0,8.0,6.0,8.0,26_2019-08-12,,,,,,,,,,,,
Hanni Katt,Hamzah Melia,6,1,2,1,5,7,5.0,2.0,6.0,2.0,2.0,1.0,5.0,2.0,5.0,3.0,3.0,2.0,5.0,4.0,4.0,8.0,3.0,8.0,4.0,6.0,7.0,7.0,8.0,5.0,3.0,2.0,8.0,5.0,6.0,8.0,8.0,8.0,7.0,8.0,8.0,8.0,6.0,7.0,8.0,8.0,8.0,7.0,26_2019-08-12,,,,,,,,,,,,
Eric Spritt,Hamzah Melia,1,4,6,5,1,1,1.0,6.0,4.0,3.0,1.0,6.0,4.0,4.0,4.0,6.0,1.0,4.0,7.0,6.0,5.0,5.0,4.0,4.0,5.0,8.0,7.0,4.0,4.0,5.0,3.0,6.0,4.0,5.0,7.0,8.0,8.0,8.0,2.0,7.0,7.0,8.0,8.0,8.0,1.0,2.0,6.0,7.0,26_2019-08-12,,,,,,,,,,,,
Merrill Mckie,Hamzah Melia,7,3,2,4,2,2,2.0,3.0,5.0,7.0,3.0,1.0,4.0,1.0,2.0,3.0,6.0,1.0,4.0,2.0,8.0,8.0,8.0,5.0,7.0,2.0,2.0,8.0,5.0,8.0,7.0,4.0,6.0,6.0,8.0,7.0,8.0,8.0,8.0,2.0,8.0,5.0,8.0,8.0,4.0,8.0,8.0,8.0,26_2019-08-12,,,,,,,,,,,,
Marcela Riding,Hamzah Melia,3,4,3,2,4,3,1.0,3.0,2.0,1.0,1.0,3.0,,,,,,,,,,,,,,,,,,,,,,,,,,,,,,,,,,,,,26_2019-08-12,,,,,,,,,,,,
Lea Normington,Hamzah Melia,2,1,3,4,3,1,4.0,2.0,6.0,4.0,5.0,1.0,2.0,5.0,4.0,1.0,3.0,2.0,6.0,8.0,6.0,8.0,6.0,5.0,5.0,8.0,8.0,6.0,6.0,8.0,8.0,2.0,7.0,8.0,5.0,4.0,7.0,7.0,8.0,7.0,8.0,6.0,8.0,7.0,6.0,8.0,4.0,8.0,26_2019-08-12,,,,,,,,,,,,
Aguste Tann,Hamzah Melia,4,3,4,4,3,2,4.0,2.0,2.0,3.0,1.0,1.0,1.0,3.0,1.0,5.0,1.0,2.0,6.0,4.0,8.0,4.0,4.0,7.0,8.0,3.0,8.0,8.0,4.0,6.0,6.0,5.0,3.0,8.0,8.0,5.0,8.0,7.0,7.0,6.0,6.0,8.0,8.0,8.0,5.0,8.0,8.0,3.0,26_2019-08-12,,,,,,,,,,,,
Anet Satterley,Hamzah Melia,7,1,4,2,2,3,1.0,5.0,3.0,3.0,3.0,3.0,4.0,7.0,4.0,3.0,1.0,4.0,4.0,6.0,8.0,5.0,5.0,8.0,7.0,8.0,2.0,8.0,5.0,3.0,2.0,5.0,6.0,8.0,7.0,6.0,8.0,8.0,8.0,8.0,6.0,8.0,8.0,7.0,8.0,7.0,5.0,7.0,26_2019-08-12,,,,,,,,,,,,
Agace O'Shields,Hamzah Melia,4,2,2,3,1,6,1.0,4.0,4.0,2.0,1.0,5.0,2.0,2.0,3.0,1.0,1.0,6.0,8.0,8.0,6.0,7.0,8.0,7.0,6.0,6.0,8.0,8.0,8.0,3.0,8.0,8.0,3.0,4.0,4.0,2.0,8.0,5.0,3.0,7.0,4.0,2.0,8.0,8.0,8.0,8.0,6.0,8.0,26_2019-08-12,,,,,,,,,,,,
Matteo Yeowell,Burhan Milner,3,5,2,1,3,5,4.0,1.0,1.0,4.0,4.0,4.0,5.0,4.0,6.0,2.0,7.0,3.0,8.0,4.0,6.0,4.0,6.0,5.0,8.0,5.0,8.0,8.0,5.0,7.0,6.0,4.0,8.0,6.0,7.0,5.0,8.0,7.0,8.0,8.0,8.0,8.0,6.0,8.0,6.0,8.0,8.0,8.0,27_2019-09-16,,,,,,,,,,,,
Deck Itzchaki,Burhan Milner,2,3,4,2,4,3,2.0,1.0,2.0,2.0,2.0,3.0,2.0,1.0,2.0,1.0,2.0,6.0,6.0,8.0,4.0,8.0,3.0,6.0,3.0,6.0,3.0,7.0,7.0,4.0,6.0,7.0,7.0,8.0,3.0,3.0,7.0,7.0,8.0,8.0,8.0,8.0,5.0,8.0,8.0,8.0,8.0,8.0,27_2019-09-16,,,,,,,,,,,,
Tarrah Bunny,Burhan Milner,3,6,3,4,3,5,1.0,1.0,3.0,6.0,3.0,2.0,6.0,1.0,4.0,3.0,5.0,3.0,6.0,8.0,6.0,3.0,7.0,8.0,7.0,6.0,6.0,2.0,8.0,4.0,6.0,5.0,5.0,7.0,4.0,2.0,8.0,8.0,8.0,8.0,7.0,7.0,8.0,8.0,8.0,8.0,8.0,4.0,27_2019-09-16,,,,,,,,,,,,
Fairlie Cogzell,Burhan Milner,5,2,2,3,3,3,3.0,4.0,4.0,2.0,3.0,3.0,1.0,5.0,4.0,2.0,5.0,5.0,7.0,6.0,6.0,3.0,4.0,4.0,6.0,3.0,6.0,5.0,7.0,8.0,6.0,6.0,6.0,2.0,5.0,4.0,7.0,8.0,8.0,7.0,5.0,7.0,7.0,7.0,8.0,8.0,8.0,8.0,27_2019-09-16,,,,,,,,,,,,
Robinet Renwick,Burhan Milner,3,2,2,3,2,2,1.0,1.0,3.0,2.0,3.0,5.0,2.0,6.0,6.0,3.0,2.0,2.0,6.0,3.0,6.0,7.0,4.0,8.0,6.0,6.0,8.0,7.0,8.0,5.0,7.0,3.0,5.0,5.0,3.0,6.0,5.0,8.0,7.0,8.0,7.0,8.0,8.0,8.0,8.0,6.0,8.0,4.0,27_2019-09-16,,,,,,,,,,,,
Boote Moan,Burhan Milner,5,4,3,6,2,4,8.0,4.0,1.0,4.0,4.0,2.0,7.0,3.0,2.0,1.0,1.0,3.0,8.0,4.0,8.0,5.0,5.0,7.0,5.0,7.0,4.0,6.0,8.0,8.0,2.0,4.0,7.0,8.0,6.0,8.0,8.0,8.0,5.0,7.0,6.0,8.0,8.0,8.0,6.0,6.0,7.0,8.0,27_2019-09-16,,,,,,,,,,,,
Vaughn Wallington,Burhan Milner,1,1,2,3,1,4,6.0,2.0,4.0,1.0,2.0,3.0,4.0,2.0,2.0,2.0,2.0,4.0,5.0,4.0,7.0,4.0,6.0,4.0,8.0,7.0,5.0,4.0,5.0,2.0,8.0,3.0,4.0,3.0,8.0,3.0,6.0,8.0,8.0,8.0,8.0,7.0,8.0,8.0,8.0,6.0,8.0,8.0,27_2019-09-16,,,,,,,,,,,,
Jim Dwerryhouse,Burhan Milner,5,3,4,3,4,2,1.0,1.0,5.0,2.0,4.0,5.0,1.0,2.0,2.0,2.0,3.0,3.0,5.0,3.0,3.0,7.0,8.0,4.0,7.0,5.0,4.0,7.0,7.0,8.0,3.0,8.0,8.0,7.0,7.0,4.0,8.0,7.0,8.0,8.0,7.0,8.0,8.0,8.0,8.0,8.0,8.0,7.0,27_2019-09-16,,,,,,,,,,,,
Harriett Saffin,Burhan Milner,3,4,3,1,3,5,2.0,3.0,4.0,1.0,4.0,2.0,2.0,7.0,1.0,1.0,7.0,5.0,6.0,4.0,8.0,1.0,7.0,7.0,7.0,7.0,6.0,6.0,4.0,4.0,7.0,6.0,5.0,8.0,8.0,8.0,8.0,5.0,5.0,6.0,8.0,8.0,8.0,8.0,4.0,8.0,8.0,8.0,27_2019-09-16,,,,,,,,,,,,
Omero Shill,Burhan Milner,4,5,2,1,4,1,4.0,5.0,3.0,3.0,3.0,3.0,4.0,4.0,2.0,2.0,3.0,3.0,6.0,8.0,5.0,2.0,6.0,8.0,5.0,5.0,3.0,8.0,8.0,7.0,1.0,8.0,4.0,8.0,4.0,8.0,8.0,6.0,5.0,5.0,6.0,8.0,8.0,5.0,8.0,8.0,7.0,8.0,27_2019-09-16,,,,,,,,,,,,
Casey Putten,Elly Kelly,3,1,3,4,6,5,1.0,3.0,2.0,1.0,7.0,1.0,4.0,2.0,3.0,5.0,4.0,6.0,3.0,8.0,5.0,5.0,6.0,8.0,5.0,3.0,5.0,5.0,5.0,8.0,8.0,4.0,1.0,8.0,3.0,3.0,8.0,5.0,6.0,8.0,8.0,8.0,4.0,7.0,8.0,8.0,6.0,8.0,28_2019-10-21,,,,,,,,,,,,
Una Caldicot,Elly Kelly,2,3,5,2,3,4,1.0,2.0,1.0,4.0,1.0,5.0,1.0,1.0,4.0,1.0,5.0,6.0,6.0,4.0,8.0,2.0,6.0,2.0,5.0,8.0,8.0,7.0,7.0,5.0,5.0,4.0,6.0,5.0,2.0,8.0,8.0,8.0,7.0,8.0,5.0,8.0,7.0,5.0,7.0,8.0,7.0,7.0,28_2019-10-21,,,,,,,,,,,,
Riva Mangeot,Elly Kelly,4,7,2,2,2,3,3.0,1.0,3.0,4.0,2.0,2.0,2.0,4.0,1.0,1.0,2.0,3.0,1.0,3.0,8.0,8.0,3.0,4.0,8.0,3.0,6.0,8.0,8.0,5.0,6.0,5.0,4.0,7.0,8.0,7.0,8.0,8.0,8.0,8.0,4.0,8.0,6.0,8.0,8.0,6.0,6.0,7.0,28_2019-10-21,,,,,,,,,,,,
Gery Marchment,Elly Kelly,4,3,4,2,1,1,2.0,4.0,3.0,1.0,1.0,2.0,6.0,1.0,2.0,6.0,2.0,3.0,4.0,7.0,4.0,6.0,2.0,4.0,5.0,8.0,2.0,8.0,5.0,4.0,8.0,5.0,4.0,5.0,5.0,6.0,7.0,7.0,7.0,7.0,8.0,8.0,8.0,8.0,8.0,8.0,8.0,7.0,28_2019-10-21,,,,,,,,,,,,
Brendan Tithecott,Elly Kelly,3,4,4,3,2,1,2.0,6.0,1.0,6.0,5.0,3.0,4.0,5.0,1.0,2.0,5.0,4.0,4.0,8.0,6.0,5.0,3.0,4.0,6.0,3.0,5.0,7.0,5.0,4.0,7.0,5.0,7.0,5.0,8.0,4.0,8.0,8.0,8.0,8.0,8.0,8.0,8.0,5.0,8.0,4.0,8.0,6.0,28_2019-10-21,,,,,,,,,,,,
Dorice Slides,Elly Kelly,5,2,3,3,4,2,3.0,1.0,1.0,1.0,3.0,2.0,,,,,,,,,,,,,,,,,,,,,,,,,,,,,,,,,,,,,28_2019-10-21,,,,,,,,,,,,
Kalinda Leebetter,Elly Kelly,2,1,2,4,8,1,3.0,3.0,2.0,6.0,1.0,1.0,5.0,4.0,1.0,5.0,2.0,3.0,8.0,7.0,5.0,8.0,8.0,4.0,4.0,5.0,8.0,6.0,1.0,5.0,6.0,3.0,8.0,5.0,5.0,3.0,8.0,4.0,7.0,5.0,8.0,8.0,8.0,8.0,8.0,8.0,7.0,6.0,28_2019-10-21,,,,,,,,,,,,
Fifi Kingsly,Elly Kelly,3,2,5,3,3,1,5.0,4.0,2.0,2.0,2.0,2.0,6.0,1.0,7.0,4.0,6.0,1.0,8.0,2.0,8.0,8.0,5.0,5.0,3.0,8.0,5.0,6.0,8.0,2.0,2.0,8.0,8.0,7.0,6.0,7.0,8.0,3.0,8.0,7.0,8.0,8.0,8.0,8.0,5.0,7.0,8.0,3.0,28_2019-10-21,,,,,,,,,,,,
Zollie Danks,Elly Kelly,1,3,1,3,5,5,2.0,5.0,1.0,1.0,2.0,2.0,5.0,1.0,1.0,1.0,4.0,1.0,8.0,4.0,3.0,6.0,6.0,5.0,5.0,4.0,5.0,7.0,7.0,8.0,7.0,8.0,7.0,7.0,4.0,7.0,4.0,8.0,8.0,8.0,8.0,6.0,4.0,8.0,8.0,6.0,7.0,8.0,28_2019-10-21,,,,,,,,,,,,
Katleen Trunks,Elly Kelly,2,3,5,4,5,3,2.0,4.0,3.0,4.0,4.0,2.0,6.0,3.0,3.0,3.0,1.0,4.0,7.0,8.0,6.0,6.0,5.0,5.0,7.0,6.0,8.0,7.0,3.0,8.0,8.0,7.0,8.0,8.0,6.0,3.0,8.0,8.0,7.0,8.0,8.0,8.0,8.0,8.0,8.0,8.0,8.0,8.0,28_2019-10-21,,,,,,,,,,,,
Heida Cossom,Elly Kelly,1,3,2,6,1,2,1.0,3.0,3.0,5.0,5.0,2.0,4.0,3.0,1.0,3.0,3.0,1.0,2.0,5.0,2.0,8.0,3.0,2.0,3.0,8.0,8.0,5.0,8.0,4.0,4.0,5.0,8.0,8.0,6.0,7.0,7.0,5.0,8.0,8.0,7.0,8.0,4.0,8.0,8.0,8.0,7.0,8.0,28_2019-10-21,,,,,,,,,,,,
Nicola Lavall,Elly Kelly,1,3,4,2,2,7,7.0,6.0,3.0,8.0,3.0,2.0,4.0,5.0,2.0,1.0,3.0,2.0,4.0,2.0,7.0,3.0,2.0,7.0,5.0,8.0,3.0,5.0,4.0,3.0,5.0,8.0,7.0,5.0,8.0,7.0,8.0,8.0,8.0,8.0,8.0,8.0,8.0,8.0,8.0,4.0,4.0,6.0,28_2019-10-21,,,,,,,,,,,,
Rossie Caitlin,Bruce Lugo,1,3,2,2,3,3,3.0,4.0,3.0,5.0,2.0,3.0,2.0,2.0,1.0,6.0,2.0,1.0,6.0,6.0,7.0,5.0,7.0,7.0,8.0,3.0,8.0,4.0,6.0,4.0,6.0,8.0,3.0,4.0,7.0,7.0,7.0,8.0,6.0,5.0,8.0,7.0,6.0,8.0,8.0,8.0,8.0,5.0,29_2019-11-18,8.0,2.0,6.0,8.0,8.0,8.0,8.0,8.0,8.0,8.0,8.0,8.0
Marmaduke Kiefer,Bruce Lugo,4,4,3,4,5,7,4.0,1.0,2.0,2.0,2.0,3.0,1.0,4.0,5.0,1.0,3.0,2.0,8.0,1.0,8.0,3.0,8.0,5.0,8.0,6.0,5.0,8.0,6.0,5.0,7.0,2.0,5.0,8.0,7.0,8.0,8.0,5.0,7.0,8.0,8.0,8.0,8.0,8.0,6.0,7.0,8.0,8.0,29_2019-11-18,8.0,7.0,6.0,8.0,8.0,8.0,8.0,8.0,8.0,6.0,8.0,8.0
Dina Mcgookin,Bruce Lugo,2,3,2,4,1,5,4.0,3.0,7.0,4.0,3.0,3.0,1.0,4.0,8.0,3.0,3.0,1.0,8.0,4.0,3.0,7.0,7.0,4.0,3.0,5.0,7.0,5.0,8.0,8.0,6.0,7.0,8.0,3.0,8.0,8.0,8.0,8.0,7.0,5.0,8.0,8.0,8.0,8.0,6.0,8.0,8.0,8.0,29_2019-11-18,8.0,8.0,8.0,7.0,8.0,3.0,8.0,8.0,8.0,8.0,8.0,8.0
Reuven Kneaphsey,Bruce Lugo,3,3,3,5,2,6,5.0,2.0,4.0,1.0,5.0,4.0,1.0,3.0,1.0,1.0,3.0,3.0,7.0,8.0,2.0,4.0,6.0,2.0,4.0,7.0,8.0,2.0,5.0,5.0,4.0,6.0,8.0,6.0,2.0,8.0,8.0,8.0,8.0,8.0,8.0,7.0,8.0,6.0,8.0,8.0,8.0,4.0,29_2019-11-18,6.0,6.0,8.0,8.0,6.0,8.0,8.0,8.0,8.0,8.0,6.0,7.0
Stephi Duckering,Bruce Lugo,3,2,2,3,2,1,4.0,4.0,1.0,1.0,3.0,5.0,3.0,3.0,2.0,3.0,2.0,1.0,4.0,8.0,3.0,5.0,3.0,5.0,4.0,4.0,5.0,8.0,7.0,6.0,2.0,5.0,5.0,8.0,6.0,7.0,3.0,8.0,4.0,7.0,6.0,7.0,7.0,5.0,7.0,8.0,7.0,8.0,29_2019-11-18,8.0,8.0,7.0,8.0,7.0,7.0,6.0,8.0,8.0,8.0,8.0,6.0
Homer Sebborn,Bruce Lugo,5,3,5,2,2,1,2.0,2.0,2.0,4.0,1.0,2.0,2.0,1.0,5.0,4.0,3.0,4.0,4.0,5.0,7.0,4.0,4.0,8.0,5.0,1.0,8.0,8.0,7.0,2.0,3.0,5.0,6.0,6.0,3.0,4.0,8.0,8.0,8.0,8.0,7.0,8.0,8.0,8.0,8.0,7.0,8.0,8.0,29_2019-11-18,6.0,8.0,8.0,8.0,8.0,8.0,5.0,8.0,8.0,8.0,8.0,8.0
Say Kleinhausen,Bruce Lugo,1,1,5,4,1,4,8.0,3.0,2.0,3.0,8.0,1.0,6.0,5.0,4.0,1.0,2.0,3.0,4.0,8.0,4.0,5.0,7.0,6.0,4.0,3.0,4.0,7.0,1.0,8.0,8.0,4.0,5.0,3.0,6.0,6.0,4.0,8.0,8.0,8.0,8.0,8.0,5.0,8.0,8.0,5.0,7.0,6.0,29_2019-11-18,8.0,8.0,8.0,8.0,4.0,6.0,8.0,8.0,8.0,8.0,8.0,8.0
Tyler Traynor,Bruce Lugo,1,3,1,2,1,4,1.0,2.0,5.0,2.0,1.0,3.0,4.0,3.0,4.0,3.0,4.0,5.0,3.0,4.0,1.0,5.0,4.0,8.0,6.0,8.0,3.0,8.0,6.0,5.0,2.0,6.0,8.0,5.0,3.0,7.0,8.0,8.0,6.0,8.0,8.0,8.0,5.0,8.0,5.0,5.0,8.0,8.0,29_2019-11-18,8.0,8.0,6.0,8.0,8.0,5.0,8.0,8.0,8.0,6.0,6.0,8.0
Johnath Tufts,Bruce Lugo,3,4,3,2,4,1,4.0,5.0,4.0,5.0,1.0,3.0,3.0,6.0,1.0,3.0,2.0,6.0,7.0,3.0,3.0,7.0,8.0,8.0,6.0,3.0,5.0,7.0,3.0,8.0,5.0,6.0,7.0,8.0,6.0,8.0,5.0,8.0,8.0,8.0,8.0,8.0,8.0,4.0,8.0,8.0,8.0,6.0,29_2019-11-18,8.0,8.0,8.0,6.0,7.0,8.0,8.0,8.0,5.0,8.0,8.0,8.0
Kristin Bardill,Bruce Lugo,3,4,1,2,5,3,4.0,1.0,4.0,1.0,6.0,1.0,2.0,1.0,3.0,2.0,2.0,4.0,6.0,1.0,8.0,4.0,8.0,2.0,7.0,2.0,8.0,5.0,6.0,4.0,4.0,8.0,5.0,6.0,5.0,7.0,4.0,8.0,8.0,8.0,8.0,8.0,7.0,8.0,8.0,8.0,8.0,4.0,29_2019-11-18,6.0,8.0,8.0,6.0,8.0,8.0,8.0,8.0,8.0,8.0,7.0,8.0
Timmie Knudsen,Ely Kely,2,2,2,5,1,2,1.0,3.0,2.0,5.0,5.0,4.0,4.0,4.0,1.0,1.0,5.0,4.0,8.0,5.0,8.0,5.0,4.0,8.0,8.0,6.0,8.0,5.0,7.0,7.0,7.0,6.0,8.0,8.0,4.0,8.0,8.0,8.0,8.0,6.0,8.0,8.0,7.0,8.0,8.0,6.0,8.0,8.0,30_2019-12-30,8.0,5.0,8.0,8.0,8.0,8.0,8.0,8.0,8.0,8.0,8.0,8.0
Mona Orviss,Ely Kely,6,4,3,1,3,1,3.0,5.0,5.0,3.0,6.0,2.0,1.0,1.0,3.0,8.0,2.0,4.0,5.0,3.0,7.0,4.0,4.0,6.0,4.0,3.0,7.0,8.0,8.0,4.0,2.0,3.0,5.0,4.0,4.0,8.0,8.0,7.0,7.0,8.0,7.0,8.0,6.0,8.0,8.0,7.0,8.0,8.0,30_2019-12-30,2.0,8.0,8.0,8.0,8.0,4.0,8.0,8.0,8.0,8.0,8.0,8.0
Everett O'Clery,Ely Kely,2,6,2,4,2,4,3.0,4.0,5.0,1.0,3.0,2.0,4.0,4.0,4.0,4.0,3.0,4.0,4.0,4.0,8.0,8.0,5.0,7.0,6.0,7.0,7.0,4.0,5.0,8.0,7.0,5.0,4.0,4.0,6.0,8.0,8.0,8.0,7.0,8.0,8.0,8.0,6.0,8.0,6.0,5.0,6.0,8.0,30_2019-12-30,8.0,7.0,6.0,6.0,5.0,6.0,8.0,8.0,8.0,8.0,8.0,8.0
Konstanze Trynor,Ely Kely,2,2,1,1,3,4,8.0,1.0,1.0,2.0,4.0,3.0,2.0,3.0,4.0,2.0,4.0,4.0,6.0,5.0,6.0,6.0,4.0,5.0,4.0,8.0,6.0,8.0,3.0,4.0,6.0,5.0,8.0,4.0,5.0,5.0,8.0,8.0,8.0,8.0,8.0,8.0,8.0,6.0,8.0,8.0,6.0,7.0,30_2019-12-30,7.0,6.0,6.0,8.0,8.0,8.0,8.0,8.0,8.0,8.0,8.0,8.0
Robinett Mcphate,Ely Kely,1,6,1,5,1,2,2.0,4.0,2.0,2.0,3.0,4.0,1.0,3.0,4.0,1.0,1.0,3.0,2.0,8.0,4.0,8.0,8.0,8.0,8.0,8.0,3.0,7.0,7.0,8.0,8.0,7.0,5.0,6.0,3.0,4.0,7.0,8.0,8.0,4.0,2.0,8.0,8.0,8.0,8.0,8.0,8.0,8.0,30_2019-12-30,5.0,8.0,8.0,8.0,4.0,7.0,8.0,8.0,8.0,8.0,5.0,5.0
Ronda Aggis,Ely Kely,1,5,2,4,3,6,6.0,1.0,2.0,3.0,4.0,2.0,3.0,3.0,2.0,3.0,2.0,3.0,8.0,1.0,6.0,4.0,5.0,8.0,3.0,8.0,5.0,8.0,5.0,2.0,5.0,5.0,7.0,6.0,2.0,8.0,6.0,8.0,8.0,6.0,8.0,5.0,8.0,7.0,8.0,8.0,8.0,7.0,30_2019-12-30,6.0,8.0,8.0,8.0,8.0,8.0,8.0,8.0,8.0,8.0,8.0,8.0
Caril Bayly,Ely Kely,3,3,1,2,1,3,1.0,1.0,3.0,1.0,5.0,1.0,1.0,2.0,3.0,4.0,3.0,5.0,7.0,7.0,8.0,7.0,5.0,5.0,3.0,5.0,6.0,6.0,6.0,2.0,5.0,3.0,4.0,5.0,4.0,5.0,7.0,8.0,8.0,8.0,8.0,8.0,8.0,8.0,8.0,8.0,7.0,7.0,30_2019-12-30,8.0,8.0,6.0,7.0,4.0,8.0,8.0,8.0,8.0,8.0,8.0,8.0
Mari Lotterington,Ely Kely,4,1,2,5,3,2,4.0,1.0,5.0,6.0,2.0,2.0,1.0,2.0,5.0,5.0,2.0,2.0,7.0,7.0,6.0,4.0,5.0,6.0,6.0,8.0,4.0,7.0,7.0,7.0,8.0,5.0,8.0,3.0,6.0,4.0,8.0,7.0,7.0,7.0,8.0,8.0,7.0,5.0,8.0,8.0,7.0,8.0,30_2019-12-30,6.0,8.0,7.0,8.0,5.0,8.0,8.0,8.0,8.0,8.0,8.0,8.0
Jacquelynn Savin,Ely Kely,1,2,5,5,1,2,3.0,3.0,3.0,3.0,7.0,6.0,5.0,2.0,2.0,6.0,2.0,5.0,8.0,5.0,5.0,3.0,8.0,8.0,5.0,7.0,4.0,4.0,8.0,6.0,7.0,8.0,8.0,5.0,6.0,4.0,8.0,8.0,8.0,8.0,6.0,4.0,8.0,8.0,6.0,8.0,8.0,8.0,30_2019-12-30,8.0,8.0,8.0,8.0,8.0,8.0,8.0,8.0,8.0,8.0,8.0,8.0
Ives Weddell,Ely Kely,4,2,2,2,1,4,3.0,3.0,1.0,2.0,5.0,2.0,3.0,2.0,5.0,1.0,3.0,1.0,8.0,8.0,8.0,4.0,7.0,7.0,4.0,7.0,6.0,4.0,3.0,8.0,6.0,7.0,4.0,1.0,6.0,3.0,5.0,8.0,5.0,3.0,8.0,8.0,8.0,8.0,8.0,8.0,6.0,8.0,30_2019-12-30,8.0,5.0,4.0,6.0,8.0,6.0,8.0,8.0,8.0,8.0,8.0,8.0
Gerda Yuille,Ely Kely,3,4,2,2,3,4,5.0,5.0,5.0,5.0,2.0,3.0,6.0,2.0,1.0,6.0,4.0,5.0,6.0,6.0,8.0,5.0,3.0,2.0,6.0,3.0,8.0,7.0,4.0,7.0,7.0,8.0,4.0,3.0,8.0,5.0,6.0,8.0,8.0,8.0,8.0,5.0,8.0,8.0,4.0,8.0,6.0,8.0,30_2019-12-30,7.0,5.0,8.0,8.0,8.0,6.0,8.0,8.0,8.0,8.0,8.0,8.0
